{
    "documents": [
        {
            "name":"System Document",
            "url":"https://www.overleaf.com/8245262zsftvqytnzwh#/29169945/"
        },
        {
            "name":"Requirements Document",
            "url":"https://www.overleaf.com/8244515kkgsknzqzrtz#/29166969/"
        },
        {
            "name":"Constraints Document",
            "url":"https://www.overleaf.com/8245011wvvxyvyhrhvh#/29169640/"
        },
        {
            "name":"Capabilities Document",
            "url":"https://www.overleaf.com/8244373dqvpwpynnhjk#/29166439/"
        },
        {
            "name": "Testing Document",
            "url":"https://www.overleaf.com/8367579wpszqdjbbdgq#/29661772/"
        },
        {
            "name": "Software Design Document",
            "url": "https://www.overleaf.com/8452308xkmgtfmmgdpc#/30005599/"
        }
    ]
}